bin_r_key,R_pc,N_spec,vlos_mean,sigma_vlos,sigma_vlos_err,bin_t_key
158.52536342163663,73.76610138541997,2,-133.33952322504413,0.0,,1
