bin_r_key,R_pc,N_spec,vlos_mean,sigma_vlos,sigma_vlos_err
,258.8229974699805,7,10.9511049022374,16.419883917801613,11.610611264573455
